"Moment ID",Region,Timestamp
HsxKrQgCa6NeVSNVQ-b42,europe-west,"2023-07-26 20:18:12"
MvmyZAV-Zz0nNw0HMFaWh,asia-west,"2023-07-26 11:40:09"
wk_i2Id6mrN910QuYqeLv,asia-east,"2023-07-26 08:12:22"
oW1VYVoAa0K02dhoqLUJA,us-central,"2023-07-26 05:49:53"
_p5U3M7ARMScRqOyj28wv,asia-west,"2023-07-25 16:58:12"
_IfzF97bczaPMwY40_oP1,europe-west,"2023-07-25 14:28:05"
yLBErGnPrTF6E5CHMGE_5,asia-east,"2023-07-25 08:42:15"
pJv3WOdDk_fBm_hywNHNs,us-central,"2023-07-25 06:53:08"
rMcn0JnuOX05q2vYgo7lU,europe-west,"2023-07-24 22:27:57"
ccZbfxZz0jpTMOopBs9nu,asia-west,"2023-07-24 19:33:12"
hjCAo4ue8rgxBLG3OvOON,asia-east,"2023-07-24 16:25:27"
M0VQd0H6FBG85WbcE2a8f,us-central,"2023-07-24 05:00:39"
xFS9SmIY3unbLgx6ZP4Zw,europe-west,"2023-07-23 22:11:13"
kzlgg1_qM1M5MwSivE9I7,asia-east,"2023-07-23 13:00:25"
tYORP1Shiiz-nwIA1O2is,asia-west,"2023-07-23 11:51:12"
LcR85FKX4odjAqfi0hzkJ,us-central,"2023-07-23 05:37:43"
pscq0La3v4_bR2lUvwyCv,asia-west,"2023-07-22 20:12:13"
i5LVR2910xdYdSppmIbXy,europe-west,"2023-07-22 19:22:09"
oebrA0CdnuEP2mh1ncQYo,asia-east,"2023-07-22 12:27:30"
Ob2-_kirTkXaoCNUA_laW,us-central,"2023-07-22 00:39:46"
8vzXy1B2CxlIkcRcKZCKu,europe-west,"2023-07-21 23:57:41"
K8XCBIY9esmrSjjdquw32,asia-west,"2023-07-21 11:51:11"
9pEl_hhN5JPC6LBZ-Qj77,asia-east,"2023-07-21 06:56:34"
mtyoZIh1etdqM348m1q00,us-central,"2023-07-21 00:49:50"
hnCH4qwy1hF7fbEA_W7d8,europe-west,"2023-07-20 20:52:47"
cuixcVmWkChknpA6MVjkk,asia-west,"2023-07-20 15:36:14"
z_FAh8h3-iM2DiyZQxhKM,asia-east,"2023-07-20 06:23:27"
gp1ovvI-o7jhk8lifTQdy,us-central,"2023-07-20 03:51:58"
FKVDxYK9fo5KY8lBO09QZ,asia-west,"2023-07-19 20:53:21"
FaKCuFWPV5DAgUsUMZ99v,europe-west,"2023-07-19 17:04:45"
Oo-xl_Ny6p5Pie3X42Nj5,asia-east,"2023-07-19 14:03:40"
clmVdnGsW8bzT4Xg-Gwua,us-central,"2023-07-19 07:41:01"
DPYIArS1wqgbF51o_Kynf,europe-west,"2023-07-18 23:52:10"
pArImgUOevEv1hqBdwfKh,asia-east,"2023-07-18 15:15:47"
ubE52gIp3TbhOQVq8K1n7,asia-west,"2023-07-18 13:33:52"
jjdw5-61FHa4JFF4ntNVB,us-central,"2023-07-17 21:15:46"
azrIC_K5kVYCQZ3IqVsLU,asia-west,"2023-07-17 18:50:19"
zasqrbjs6NYV92FDDItNn,europe-west,"2023-07-17 16:49:09"
OMrXlOy5UvqtVNr56yUGL,asia-east,"2023-07-17 06:55:39"
Tr47AVJceqI9-vK3Lltqi,us-central,"2023-07-17 01:11:06"
degXA-X3OAKtToBeAHCEk,europe-west,"2023-07-16 17:49:52"
stZRxGYog-Gdnvm8LccGz,asia-west,"2023-07-16 16:20:15"
h2cSlXfXG0ETHHMB9or-3,asia-east,"2023-07-16 09:04:28"
Z0Om2UIIO9X34TDLw8LSb,us-central,"2023-07-16 03:19:54"
B1mF6ZXgricTrU-n9Ru0s,europe-west,"2023-07-15 19:51:52"
UJ_DTbQg3ItZIbBHpVf8V,asia-west,"2023-07-15 14:35:14"
DQ6YBa-3dkEojQFoBDdEu,asia-east,"2023-07-15 05:43:26"
L_uha0tGB3PBEkXvR06lm,us-central,"2023-07-14 22:37:03"
Lb5xSrQfooxyY-tC_Nvv3,europe-west,"2023-07-14 20:58:33"
CvxCihkONVn0kG2AyUzzO,asia-west,"2023-07-14 17:07:13"
tEjAM98bs2JeZDnEkx2pe,asia-east,"2023-07-14 06:41:21"
L1O8S_Tbph2fpEeuoSWcv,us-central,"2023-07-14 03:15:56"
mpDdXFrOz44UpbLlu2WwP,asia-west,"2023-07-13 15:18:11"
omNkrIUOPOQSrkTquaf-h,europe-west,"2023-07-13 14:25:38"
-Iv8AMqlz_-X4Fx_MjWAL,asia-east,"2023-07-13 10:59:27"
fLoBIPnhZg0Oyu4650bWn,us-central,"2023-07-12 21:36:22"
8D4_iqhPUUog6Nm_SnkFg,europe-west,"2023-07-12 19:48:21"
lEHuYCoL49ajpHdUIb6XG,asia-east,"2023-07-12 13:53:23"
qhiqQvmfVq3YEBtLFmOhA,asia-west,"2023-07-12 10:41:14"
l7r9-7mhGqtwdzKHb1hSW,europe-west,"2023-07-11 23:52:48"
9cAMldY1-C5-D1FCcocyG,us-central,"2023-07-11 22:22:17"
xT2pJMMDc-Y-9BX7vBXgs,asia-east,"2023-07-11 15:28:14"
zdZRjW_Fnhj8_YSCfQ6-X,asia-west,"2023-07-11 13:31:10"
Sc6rFdqSxRzeyZXyaQBSV,us-central,"2023-07-11 08:38:11"
AJ7iHgChlaqdBaYUFW2dU,asia-west,"2023-07-10 18:16:11"
w1vWPuxMkDKEQlt875dY4,europe-west,"2023-07-10 13:55:26"
m7qAbP5Whv9bV0Oe-A-Bc,asia-east,"2023-07-10 09:53:24"
3EhWbzoqYbDE2APAZISow,us-central,"2023-07-10 00:32:56"
G122kneIGJ00FPxb5KBdG,europe-west,"2023-07-09 23:34:36"
qpQlSzM1jkr7ZAONNFLM6,asia-west,"2023-07-09 17:39:12"
k5uU5QItjYeJnh5iSGMKl,asia-east,"2023-07-09 06:18:14"
Mk8hiut2cjWiEMn2BHeBK,us-central,"2023-07-09 04:55:55"
ub1YEqJLScQeUDNFKOiFn,europe-west,"2023-07-08 22:33:59"
V2kI-qfPrms82bWcNHT_7,asia-west,"2023-07-08 19:19:15"
7mOlUd8EgSRBh5lksJJAj,asia-east,"2023-07-08 05:57:20"
pbBLsL-8JzR5ewIhW6va8,us-central,"2023-07-08 04:09:03"
ygpNF0gERBCEgfoEGtFHN,europe-west,"2023-07-08 00:08:46"
I4GTDq9wJNoaEpwbHn9wd,asia-east,"2023-07-07 14:53:24"
d0WdfTISlrJaX4ZYc6A6N,asia-west,"2023-07-07 09:09:14"
N3hsC53YZJRo0KY315RDu,us-central,"2023-07-07 01:53:15"
6UtyecZklT8QwmuZXZNFK,europe-west,"2023-07-06 18:15:24"
QVIF7unicw2ikhiKaEUll,asia-west,"2023-07-06 13:37:12"
cV2vO16m_ad8VRLeOCGjU,asia-east,"2023-07-06 06:51:20"
FItPk8THRYDOvLVLpPAbD,us-central,"2023-07-06 04:02:02"
vkZSJzlWo8zr88pTJwmVd,europe-west,"2023-07-05 19:51:08"
DPquDuSGwJJjIrcamg4ws,asia-east,"2023-07-05 14:14:23"
2lbpKsaOJ9zCTTU3-KViz,asia-west,"2023-07-05 12:02:15"
e63-swbRFt58lyXrxOJde,us-central,"2023-07-05 06:06:11"
mgYQy1lEBjsIUhPSmB8Ef,asia-west,"2023-07-04 18:59:14"
hawPfT9jJ7ydvuaztNcHo,europe-west,"2023-07-04 17:10:55"
YoF1WcK8DKC_Bc_VqXyEE,asia-east,"2023-07-04 08:09:43"
0IqDHg8RTVk0JTMMLLh2v,europe-west,"2023-07-03 22:29:20"
E_vr-vGBUzlDFMqmA67FK,us-central,"2023-07-03 19:12:32"
qpSp-pqjUO_iI1yP_uSqT,asia-west,"2023-07-03 13:23:12"
tA6qCPISqeKE8EcQzud58,asia-east,"2023-07-03 10:08:50"
WtzsnQpD7VFa61qzH-Zih,us-central,"2023-07-02 22:17:05"
IyyUaLCGytMdVprRKVi74,europe-west,"2023-07-02 18:31:32"
2kP4xY8mEbtuBTVpWFVH4,asia-west,"2023-07-02 12:08:13"
4bCUa4ZkbG6hw88grSAx3,asia-east,"2023-07-02 07:32:46"
VGE4MdzpWK4XyA949msfb,us-central,"2023-07-02 03:06:32"
76y34iRdKNKq_YihANvoW,europe-west,"2023-07-01 23:10:57"
E6Xfm5DHuFazrm5i5ZFal,asia-east,"2023-07-01 16:58:00"
30JWykk6dPaER0adc8seL,asia-west,"2023-07-01 12:35:23"
sedIALhaS6erXDAulnev_,us-central,"2023-06-30 23:44:49"
suhwr80hc_4p0ZqBdaUDG,asia-west,"2023-06-30 22:20:19"
UhcUrpW7MBGDVgWAPojnp,europe-west,"2023-06-30 20:10:56"
kUoUkaFj0xzlF8T7yYYsb,asia-east,"2023-06-30 05:17:16"
GxtfEOGOdfuBB2E7d5IFa,us-central,"2023-06-30 03:13:43"
kw-0UKrZiq_8Xb1dzjy2J,asia-west,"2023-06-29 22:23:18"
NUxNGAPvL85lls3HdC9ru,europe-west,"2023-06-29 14:30:21"
8g_8jshifAkOqq7LeAZmD,asia-east,"2023-06-29 08:32:17"
eBlGFs93lEeTBcrjauvCF,us-central,"2023-06-29 04:10:04"
_X3_J52GJN28-tafVDTiS,europe-west,"2023-06-28 15:19:40"
n4poxw9llY3Sv0aFnyhDX,asia-west,"2023-06-28 13:44:09"
QaGpgz-Jqalfrpvl7WhKK,asia-east,"2023-06-28 08:10:08"
qAvikGuYyFlEvmaBf2uDn,us-central,"2023-06-28 06:41:12"
Sb5WGkC--IHdUqfzkcBII,asia-west,"2023-06-27 21:06:14"
IBMYVl6Z2r3mjYiC9eH_b,europe-west,"2023-06-27 17:52:35"
3YFwBohacTSqq0imJA6MX,asia-east,"2023-06-27 15:00:19"
nOIoFckzfMf2Dl0GNUeva,us-central,"2023-06-27 06:33:56"
6rwuFlXI37bTe6V8eWrqx,europe-west,"2023-06-26 21:29:29"
bBKNNtkCnnbHm_thsmyfc,asia-west,"2023-06-26 14:19:08"
DcapRwUEcUV359Cu-MctG,asia-east,"2023-06-26 09:48:14"
Yg8o8l4Na7hpA5QoQaqOy,us-central,"2023-06-26 04:53:28"
sT44k5bhMGcXdeKziAygx,europe-west,"2023-06-25 22:50:30"
knVNc7q0wTP-ctg7GHT_J,asia-west,"2023-06-25 18:57:12"
onA2GFDzbP0nJaX8SGbWz,asia-east,"2023-06-25 12:08:14"
9WPjcBrALSuB23Q8OuwR1,us-central,"2023-06-25 07:11:25"
XsAHesKRXlsIbaLte4woS,europe-west,"2023-06-24 15:43:12"
x7NxKlWRXKatSWDC504Lj,asia-west,"2023-06-24 14:34:06"
sNWi-87GO1SxeGwFRpLcg,asia-east,"2023-06-24 12:55:08"
RHXFHLxl9p3548ub0JbZY,us-central,"2023-06-24 09:45:22"
jXORXZYrpaN-As1-D2NxH,europe-west,"2023-06-23 20:34:31"
FKzopNTgPNXYS6zJL_Wos,asia-west,"2023-06-23 19:04:16"
j30WrR0RmIz6PAjVGa9ho,asia-east,"2023-06-23 06:59:17"
32rTXx-PDvTmbLCUT8sOO,us-central,"2023-06-23 05:17:50"
939nFjC0nqxgctH-3k1th,europe-west,"2023-06-22 17:38:20"
MAKsS2FoCb372rkhzJSKD,asia-east,"2023-06-22 13:39:36"
uHxD7guPjytOgnUENwYnj,asia-west,"2023-06-22 10:58:18"
IbzaX4F6ojHGc2SJteNQy,us-central,"2023-06-22 04:16:03"
g7awazvDl2Cy-GVbpzeCN,asia-west,"2023-06-21 23:28:25"
YTk7aKVrv3huIsNi2gqXH,europe-west,"2023-06-21 18:20:42"
fMsfCXcbVwaPFwZFH1wvV,asia-east,"2023-06-21 09:26:38"
RqdZS1zAgP6IbDqi_Xv0D,europe-west,"2023-06-20 23:32:25"
RW-THpm4UAZBZjP_HJDBO,us-central,"2023-06-20 19:15:09"
MngcxP4O4uL6Q3pf-l3SQ,asia-west,"2023-06-20 17:31:22"
TPUArbTMOgt8MHEZLF196,asia-east,"2023-06-20 12:26:24"
oInr-7kEJFAOLi0JQ8ul_,us-central,"2023-06-20 00:58:54"
0Wvl4HpSnXP3wscR6G3sj,asia-east,"2023-06-19 14:54:05"
rvIfgng2h0jN2JI5kO6Op,europe-west,"2023-06-19 13:43:20"
mMj8O8EAs8BH2FbtYmC6Y,asia-west,"2023-06-19 12:50:16"
Bc_LExP6LdgAJcr4WNHs_,us-central,"2023-06-18 22:42:35"
WoKtFWB4snm7ZlR-md5AI,asia-west,"2023-06-18 20:38:18"
w16oThJIy49T3qpt8xP-y,europe-west,"2023-06-18 16:06:23"
tW4x9IGGCnLJhGHHT6vVQ,asia-east,"2023-06-18 07:17:41"
pbJ6uyAwi1367_gROW1OS,us-central,"2023-06-17 23:54:18"
Sgdjmt-gBRvrj8YRW8EwU,europe-west,"2023-06-17 21:30:59"
U_kGohNA8ni_MbjGGiNG6,asia-east,"2023-06-17 17:41:50"
GMYrz2NWjWWGXUJmjX7B6,asia-west,"2023-06-17 12:10:28"
YTBUqbqdYf-lR2d1FIUV_,us-central,"2023-06-17 04:20:05"
xSmk1R-lr-duZY2xsieBC,europe-west,"2023-06-16 21:54:45"
UnHqXr-TNcnaNxmPs2As3,asia-west,"2023-06-16 17:51:15"
gfFr_opasFavH2i4g4cX8,asia-east,"2023-06-16 14:57:47"
XAgh0CisNF4f1JKuqg5ZT,europe-west,"2023-06-16 01:37:28"
f4VirtYoi8DaGpq_urEyv,us-central,"2023-06-15 19:33:41"
wJFMftwUbHJCj-C4UM2we,asia-west,"2023-06-15 15:12:09"
cgNto5FeHXzBfGxY1ocQf,asia-east,"2023-06-15 12:32:37"
43X7umHXeEGFy0bZDp5r2,us-central,"2023-06-14 20:33:12"
_ye2QUdpMkA0BkRTcp6QF,europe-west,"2023-06-14 17:55:46"
FaEwhpDkIQR2m72I_pMiu,asia-west,"2023-06-14 14:58:09"
_kIZKiecybVX2rauuIntE,asia-east,"2023-06-14 14:19:17"
lIxlYaNKvyxrYz_P7xpao,us-central,"2023-06-14 06:23:02"
T0kpUvFswRPsm9AepN9zv,europe-west,"2023-06-13 16:09:44"
cXToffvNXD_xaVUPwsq9U,asia-west,"2023-06-13 15:00:11"
7NrqnTJ-2Fqaz0CxENs0K,asia-east,"2023-06-13 09:53:08"
b0xTsZ_OjY2XWVoxzUm2K,us-central,"2023-06-13 05:31:39"
nq3rbH178bN-toWG5UU84,europe-west,"2023-06-12 19:47:48"
_BvyZyCAeMlh2H-ktdn4K,asia-west,"2023-06-12 10:35:09"
lCoaJVfQOmpNUhVHh_90J,asia-east,"2023-06-12 06:37:20"
HzU1ak6YEuxqQpOo0-zf6,us-central,"2023-06-12 00:33:01"
JeqADob7zmWcM2to963zO,europe-west,"2023-06-11 22:52:43"
hmWN2_KBMJTH383Z_CYTZ,asia-east,"2023-06-11 13:47:14"
TvdguK1rvBjcYU7CR1sY8,asia-west,"2023-06-11 11:43:13"
DU1iHPRXVcWhrEnvtQxhK,us-central,"2023-06-11 06:17:16"
1uFhI_wBQjdftyFl3LcIq,europe-west,"2023-06-11 02:24:15"
9volnwvXNpwOlQqSkh2cU,asia-east,"2023-06-10 14:18:21"
uRhLnDRL2WTdjnMS0NxZS,asia-west,"2023-06-10 12:05:13"
b3yF9asx2ot-iwxstKyoD,us-central,"2023-06-10 03:22:30"
enGw79fGxWAosJU-TCFrT,europe-west,"2023-06-09 21:34:35"
E86sVuswKhx8a_wPg6ert,asia-west,"2023-06-09 17:09:11"
vPc6ZRvLcR6Mk_y-SiM5-,asia-east,"2023-06-09 13:08:27"
d9d45oD3hXPj8haTKw6Qz,us-central,"2023-06-09 03:37:00"
_pSP4atDCfUkXiz00bFBf,europe-west,"2023-06-08 19:54:20"
A9Pizf7EiEMHH63mBw1o6,asia-east,"2023-06-08 15:54:21"
oBA3M8QBMqSQd_IvCYt7Q,asia-west,"2023-06-08 14:58:16"
DnhvydGoUxm5uRwx5oeVq,us-central,"2023-06-08 03:53:04"
DFaJe3HKbeVB75ak1_ou2,asia-west,"2023-06-07 19:14:16"
Eyw1TQEGMpzb2b4CM8ol1,europe-west,"2023-06-07 16:07:15"
XAG4E_9Dpgdgg_Ij_EASs,asia-east,"2023-06-07 12:07:23"
SM-iUkRv-pJ8lzCDPm8Ru,us-central,"2023-06-07 06:28:36"
xR-x-LW96pBzH1TRUI0DA,europe-west,"2023-06-06 19:07:11"
hV7m2e203jpBF1QVn-Tsx,asia-west,"2023-06-06 15:56:20"
c27t9YCjTQ9D0ci3x_Z7c,asia-east,"2023-06-06 06:30:21"
dQlY1ohfovAkzu4MxrOlZ,us-central,"2023-06-06 04:55:11"
YEYQ2IywQdTxMN7zPQIWo,asia-west,"2023-06-05 15:41:15"
vPoP9V6X3HuqiYxUKvjd5,europe-west,"2023-06-05 14:14:21"
ucRpGlJhPNyvyA_gwp3h9,asia-east,"2023-06-05 09:41:13"
y4npGtpdSiUzcPpBt0_JC,us-central,"2023-06-05 04:40:10"
qfDsuDOoRRkiAoASxAEQk,asia-west,"2023-06-04 18:18:10"
FvdEnqYvF0RqJs5eJvUGR,europe-west,"2023-06-04 14:50:59"
-i7YdgR_2QGX-Gpyq9ULl,asia-east,"2023-06-04 08:33:09"
gKoVJB9v_3qP85pSsvg0C,us-central,"2023-06-04 03:18:51"
_Xf2sQ4dRk_fp6WYgCsW2,europe-west,"2023-06-03 13:25:13"
Ib8V-zj0Dfh3_0X30rf2u,asia-west,"2023-06-03 10:03:06"
Gs9F3ajAP7pRevxwu_iyT,asia-east,"2023-06-03 05:26:07"
QW-o7jsikNHd67Cmak2ut,europe-west,"2023-06-03 02:42:12"
IVRogM3JfJ9FcJ0kTDNvJ,us-central,"2023-06-02 21:57:26"
x2M7YZnnfMsvpxG5gHMVp,asia-east,"2023-06-02 14:59:05"
tq5OScOWY6QDd2QDFlJp_,asia-west,"2023-06-02 13:11:07"
cx2ADcO75IRQTKTYTKMUt,us-central,"2023-06-02 05:41:29"
DySWGCmzdqdz_ILKXtYD1,europe-west,"2023-06-01 18:07:17"
vKPgOPrmoC6EfsdZrlLe-,asia-west,"2023-06-01 17:03:08"
thAZ78WX4XtJWVpnpqeQV,asia-east,"2023-06-01 06:40:09"
-NHCXI-Dzd7H9ajh5uYfJ,us-central,"2023-06-01 01:06:41"
YEDOSp6UlTpFq7Y894pO1,asia-west,"2023-05-31 17:31:11"
g1S49F1WhWelY3zwWXIOw,europe-west,"2023-05-31 15:05:11"
JZyYL6GX2LyT3EXjhLtfy,asia-east,"2023-05-31 14:12:24"
5epRjasVoe3uVizXltrLG,us-central,"2023-05-31 00:35:55"
agL83h-ojnhB6DEyVAor8,asia-west,"2023-05-30 17:15:10"
Mi_iI4wRZkqQLJsdu14-O,europe-west,"2023-05-30 14:46:23"
3Y4Ryc0cWbrLROSpXkvii,asia-east,"2023-05-30 06:36:22"
PdUhHn6z7gGAo6rDBkukv,us-central,"2023-05-29 23:15:36"
xm6LjUmUDux2AFlLL2e-6,europe-west,"2023-05-29 20:03:17"
zJz73_RnQ3ScgX9sDxRQx,asia-west,"2023-05-29 14:23:09"
gQe6eQ3HuWC8WCPhbu-SI,asia-east,"2023-05-29 11:12:39"
8W00H9j4-E0KknWwkjA_N,us-central,"2023-05-28 22:48:58"
LktMu1DXM-rVNDh8tJibB,europe-west,"2023-05-28 20:58:58"
CdPxXur9cg56kxHj5uGmt,asia-west,"2023-05-28 18:32:14"
0Rtgx_Hrw-KmGNOF-ZgCj,asia-east,"2023-05-28 13:51:24"
lSCdYadhxAFjvl3zIEhSN,us-central,"2023-05-28 05:21:10"
N4kz3FkJ1UWkJPcUK7HQs,europe-west,"2023-05-27 16:41:28"
DHNpihtuvMTPyxsEr9Ke3,asia-west,"2023-05-27 15:26:10"
FScyUkVB6JWK4sij98Y4O,asia-east,"2023-05-27 06:28:02"
6XiICyi1umi4wvKTikuk7,us-central,"2023-05-27 05:20:40"
mkiGYqvjK9-R8UN4L-Lun,europe-west,"2023-05-27 01:59:48"
dsROFyeaaJOQarHpD0gwX,asia-east,"2023-05-26 17:19:25"
MmhL3cL5fXwXrdOgVPV_g,asia-west,"2023-05-26 09:30:15"
eeqfoS7iMIxG9XXfhTjci,us-central,"2023-05-25 22:33:34"
CrDJZ0Z5KFUpSEfIcXjyK,europe-west,"2023-05-25 17:30:36"
acSq4fAgfFBO0Vc_fpmPn,asia-east,"2023-05-25 15:15:07"
vGK5C9iWI6G_C6a9EnQKc,asia-west,"2023-05-25 13:31:11"
EGq5wDLcIw-T-veIlqVfr,us-central,"2023-05-25 06:59:19"
6nJaBcKjla81NSNwg9EYc,asia-west,"2023-05-24 20:24:04"
FIH_kwdw6xz9Z5hWgP2gA,europe-west,"2023-05-24 19:05:13"
Y5sKsrReQVNYTvSGRSI1J,asia-east,"2023-05-24 06:06:25"
7ib8UQ9amzqT0pRfPQAq_,us-central,"2023-05-23 22:27:34"
gOg0VEJBL2cpjySKBKN-2,asia-west,"2023-05-23 17:55:21"
exlwri4KM4dFLADnRndSx,europe-west,"2023-05-23 14:07:29"
FHw48G5u9qy36JN7yf5y9,asia-east,"2023-05-23 08:02:18"
gnrj4wzlb7g7KDwUN6nVc,us-central,"2023-05-23 03:54:07"
fpsPS3Vwv-hANatXdmjp-,europe-west,"2023-05-22 17:56:45"
OToMhXdfyUFi2Ax8XMNLO,asia-east,"2023-05-22 14:38:13"
ujZIEgEBJwpB8C7IiVY6k,asia-west,"2023-05-22 09:31:07"
ynt-nO39q5zdvOAykkNVp,us-central,"2023-05-22 05:48:29"
4sK-05fCa4085VG017y_K,asia-east,"2023-05-21 16:28:02"
nQlCHC3atC-IIl8yZxJtW,europe-west,"2023-05-21 15:22:34"
55hVFUyfbEf6l1GOAfjGU,asia-west,"2023-05-21 10:15:10"
2B6vx0106pSYjX84vAaC_,us-central,"2023-05-20 22:09:32"
v_HHT6T1amk54Cznd1eJl,asia-west,"2023-05-20 19:10:14"
5eytNRGitlZ-7PPBuu2-8,europe-west,"2023-05-20 13:35:31"
hlebZYCA8qOcemvfQ0FJD,asia-east,"2023-05-20 12:47:00"
eqUvH8moR07Ho1-YbzSs3,us-central,"2023-05-20 06:30:11"
1Ly1xf6QqRWsIpPB0Qb8m,asia-west,"2023-05-19 21:55:12"
OYpJD6nvW_YF_A6sMjOUm,europe-west,"2023-05-19 15:22:52"
oHU2z8bMaqr0YjTqADxin,asia-east,"2023-05-19 08:28:00"
Q_EvwndKf7DQYHGJY7s0L,us-central,"2023-05-19 03:22:20"
9IIDZz8tXrhEpsGGd2e-u,europe-west,"2023-05-18 22:43:52"
5RhnzdVaiS8sZRV87886i,asia-west,"2023-05-18 13:22:07"
ZxVxEUOz5fAM7JpuyhfkP,asia-east,"2023-05-18 12:44:06"
DsRGOpveatbt1dVJAS0yq,us-central,"2023-05-18 03:02:15"
i-91BlClLXEtVgZVdAnnC,europe-west,"2023-05-18 00:32:47"
afcXtEIC9ywPyINdyu0sV,asia-east,"2023-05-17 17:28:05"
m6seuTfsXamgD-V8AbLVZ,asia-west,"2023-05-17 15:28:16"
e4clB3WwV3HOGjUE1OJW5,us-central,"2023-05-17 03:42:48"
76BIRjkgZ0b-xrIZ4uF-e,europe-west,"2023-05-16 21:39:28"
HK5CDEGqZBLxujb141VzY,asia-east,"2023-05-16 14:41:07"
mZwKCUoWn4So7iRy-caAp,asia-west,"2023-05-16 13:33:15"
N8xhfAM01Sm8CfdO6ARUK,us-central,"2023-05-15 21:46:15"
u-rGCHQsufa_4J2HRWFqr,europe-west,"2023-05-15 14:57:39"
UukdhUmXZ8tokYKPazBkt,asia-west,"2023-05-15 11:03:06"
X8PSH9ekKlkAZY-veNGlV,asia-east,"2023-05-15 07:57:09"
TCbmmE1sWlRHxBr-72k2H,us-central,"2023-05-15 00:14:49"
T5wBh-tm9TsO69BGw543K,europe-west,"2023-05-14 19:31:34"
8Bh1gkHhdRTbhwEMVtIIf,asia-west,"2023-05-14 11:07:08"
ew2E2m5y8FkIO2UJf7xws,asia-east,"2023-05-14 09:35:25"
BzMWfsqbrDqYyD6CdWGPf,europe-west,"2023-05-13 23:44:12"
XR-92VMYJDXhFxma6UPEF,us-central,"2023-05-13 21:54:35"
tqPIWjoZtCdWE08GwLmoK,asia-east,"2023-05-13 14:34:19"
Z7FD8iMr1JX_jO-k03Dh4,asia-west,"2023-05-13 13:03:18"
BqR9Kbfv2ba1RxukKvMx4,us-central,"2023-05-13 00:04:01"
qO0uwZqrynCnXUvNZURlc,europe-west,"2023-05-12 14:17:13"
iYQWNDz52IL5BcBP2uGrV,asia-west,"2023-05-12 09:09:05"
cSSDCmqOg9Z1bI7O8_ZV6,asia-east,"2023-05-12 06:33:07"
Vno43F4H-Yn77QUbt6GZF,us-central,"2023-05-12 04:36:43"
AD5QMPo7sBslkhrZWe9IX,europe-west,"2023-05-12 00:31:09"
J30mdo2QntZluqgLikXsp,asia-east,"2023-05-11 15:56:29"
c89qYlO9MyO5roaWmGNI4,asia-west,"2023-05-11 12:56:11"
COgU7197DISUXhFgyXupQ,us-central,"2023-05-11 09:22:53"
7sqWqodeRV0t8hA49Zhn8,europe-west,"2023-05-10 18:46:54"
X7GxCkcsWOQkWiCEaG3R6,asia-west,"2023-05-10 16:04:07"
H6e2ha6c_79wWqL7fJLEN,asia-east,"2023-05-10 07:12:01"
W98zl1WpN-KyM5qNHYaEU,europe-west,"2023-05-09 22:18:24"
yRuyhCdmE7K72tjhxMJkN,us-central,"2023-05-09 19:23:39"
rhMoPRvObA_5B2zyumC_K,asia-east,"2023-05-09 14:38:49"
XIdTz_GUTzE95hWe6ju8q,asia-west,"2023-05-09 11:48:04"
rAW4QwZ7pd1q_BKqP928D,us-central,"2023-05-09 05:41:18"
a8TPCVNB79DXnVA7tJ5yI,asia-west,"2023-05-08 17:51:08"
x-74OWuZ1b_PYmR-rVlb9,europe-west,"2023-05-08 13:04:26"
UVYshv8157adEKjc6q-81,asia-east,"2023-05-08 08:15:53"
NkZjSOD2k8rCo8iCkpvTg,us-central,"2023-05-08 03:17:25"
JLAuO2mJ7_Dgq0ZKc7xeI,europe-west,"2023-05-07 18:13:28"
51MU1Ch38wx2ZfOZVOvdZ,asia-west,"2023-05-07 14:59:05"
T0xJh_D6kGR3-KIdQOMNr,asia-east,"2023-05-07 08:44:53"
Xy78HC-JgN9q_p-_t44Pz,us-central,"2023-05-07 06:45:55"
xTLUsMf38IG_jNFfGfId5,europe-west,"2023-05-06 21:48:49"
RMoGyHCj5vQQxjWydlYor,asia-west,"2023-05-06 14:44:09"
ar0QH8DcKEHQQpAHbUk92,asia-east,"2023-05-06 08:45:05"
LZoBSNEz_qLqRw7cuU3rG,us-central,"2023-05-05 23:27:56"
Qhxg4hqk-rnN7SbobkTUj,asia-west,"2023-05-05 16:01:02"
wJ02022DaVsg5IehS2yHn,asia-east,"2023-05-05 14:59:54"
kV3Eg-rSVnDC07H-saRg1,europe-west,"2023-05-05 13:37:36"
e4763vq5q82UNKGDcnK2p,us-central,"2023-05-05 02:50:39"
y4JRu2o7LJtnFQELyTW64,europe-west,"2023-05-04 23:56:04"
hXs28pD2GZUe9qd6O0B2Y,asia-west,"2023-05-04 18:00:10"
ni-AeYe3iPRYibsUR03r4,asia-east,"2023-05-04 11:45:04"
gbqfMoAZQoNK1KbPcyLuz,us-central,"2023-05-04 05:04:57"
K0LYUJhJZ344Iu9fdLNlu,asia-west,"2023-05-03 18:14:02"
R2_k1jd9TfIjL6ndbe_Kr,asia-east,"2023-05-03 17:29:05"
RZ-uDDdH2swJ6WiI00L7e,europe-west,"2023-05-03 15:46:53"
uWnCmYLKLlIZocU6yhEaA,us-central,"2023-05-03 00:46:47"
o319PneVxl7fvVDXulmLm,europe-west,"2023-05-02 21:26:52"
qs-PZctZ2KaOZMowzMTl2,asia-west,"2023-05-02 18:45:10"
nIRI1GBkefa3wMYcZfGWq,asia-east,"2023-05-02 17:00:30"
YK1hsj9pGf42NlzUPTmdL,us-central,"2023-05-01 20:36:20"
dMM0gyjBW4qT7USWfs_D-,asia-west,"2023-05-01 19:44:14"
e3fASUZwDsiBP3B-6sVAl,europe-west,"2023-05-01 17:56:55"
pBK_5FKt0h-fznbedO8Of,asia-east,"2023-05-01 05:50:12"
FEV8peanUNwQJNcv8kDRf,us-central,"2023-04-30 22:25:30"
bBsvmjzHhu6PtcklF5c0V,europe-west,"2023-04-30 20:15:36"
wY0p9ovFO5SoMIMon_JY1,asia-west,"2023-04-30 12:45:07"
xmD457Idcha7onZ4Ve2H4,us-central,"2023-04-30 06:02:18"
2QQWT-u2SD5ISHcASzd-r,asia-east,"2023-04-30 04:49:17"
d6s3zTd9HFP3B6DnrxM5h,europe-west,"2023-04-29 18:58:32"
urz1wmW76ZSo-KPwnMqe-,asia-east,"2023-04-29 14:29:24"
2xoxI0ATch5r7jxier4U8,asia-west,"2023-04-29 12:32:16"
w8uTy2hcJOyiTi59ncdrO,us-central,"2023-04-29 03:54:16"
yVLrlBUSktqJ_-WzdfuVZ,europe-west,"2023-04-28 23:20:46"
8Z7jVvsfLV8aGX1e6QlQ9,asia-east,"2023-04-28 16:59:33"
iF5-amq9tK6IDPTCfgcy6,asia-west,"2023-04-28 10:22:01"
YtI8KYvbTfzt_qz0qd9yc,us-central,"2023-04-28 01:03:07"
